Ticker Symbol,Company
A,"AGILENT TECHNOLOGIES, INC."
AA,ALCOA INC.
AAN,"AARON'S, INC."
AAON,"AAON, INC."
AAP,ADVANCE AUTO PARTS INC
AAPL,APPLE INC.
ABAX,"ABAXIS, INC."
ABC,AMERISOURCEBERGEN CORPORATION (HOLDING CO)
ABM,ABM INDUSTRIES INCORPORATED
ABMD,"ABIOMED, INC."
ABT,ABBOTT LABORATORIES
ACAS,"AMERICAN CAPITAL, LTD."
ACC,AMERICAN CAMPUS COMMUNITIES INC
ACET,ACETO CORPORATION
ACGL,ARCH CAPITAL GROUP LTD.
ACIW,"ACI WORLDWIDE, INC."
ACM,AECOM
ACN,ACCENTURE PLC
ACOR,"ACORDA THERAPEUTICS, INC."
ACTG,ACACIA RESEARCH CORPORATION
ACTL,ACTEL CORP
ACUR,"ACURA PHARMACEUTICALS, INC."
ACV,ALLIANZGI DIVERSIFIED INCOME & CONVERTIBLE FUND
ACXM,ACXIOM CORPORATION
ADBE,ADOBE SYSTEMS INCORPORATED
ADI,"ANALOG DEVICES, INC."
ADM,ARCHER-DANIELS-MIDLAND COMPANY
ADP,"AUTOMATIC DATA PROCESSING, INC."
ADPT,ADEPTUS HEALTH INC.
ADS,ALLIANCE DATA SYSTEMS CORPORATION
ADSK,"AUTODESK, INC."
ADTN,"ADTRAN, INC."
AEE,AMEREN CORPORATION
AEIS,"ADVANCED ENERGY INDUSTRIES, INC."
AEO,"AMERICAN EAGLE OUTFITTERS, INC."
AEP,"AMERICAN ELECTRIC POWER COMPANY, INC."
AES,THE AES CORPORATION
AET,AETNA INC.
AF,ASTORIA FINANCIAL CORPORATION
AFG,"AMERICAN FINANCIAL GROUP, INC."
AFL,AFLAC INCORPORATED
AG,FIRST MAJESTIC SILVER CORP.
AGCO,AGCO CORPORATION
AGN,ALLERGAN PLC.
AGNC,AMERICAN CAPITAL AGENCY CORP.
AGO,ASSURED GUARANTY LTD.
AHL,ASPEN INSURANCE HOLDINGS LIMITED
AIG,"AMERICAN INTERNATIONAL GROUP, INC."
AIR,AAR CORP.
AIV,APARTMENT INVESTMENT AND MANAGEMENT COMPANY
AIZ,"ASSURANT, INC."
AJG,ARTHUR J. GALLAGHER & CO.
AKAM,"AKAMAI TECHNOLOGIES, INC."
AKR,ACADIA REALTY TRUST
AKS,AK STEEL HOLDING CORPORATION
AL,AIR LEASE CORPORATION
ALB,ALBEMARLE CORPORATION
ALD,WISDOMTREE ASIA LOCAL DEBT FUND
ALEX,"ALEXANDER & BALDWIN HOLDINGS, INC."
ALL,ALLSTATE CORPORATION (THE)
ALR,ALERE INC.
ALSN,"ALLISON TRANSMISSION HOLDINGS, INC."
ALV,"AUTOLIV, INC."
ALXN,"ALEXION PHARMACEUTICALS, INC."
AMAT,"APPLIED MATERIALS, INC."
AMCX,AMC NETWORKS INC.
AMD,"ADVANCED MICRO DEVICES, INC."
AME,"AMTEK, INC."
AMG,"AFFILIATED MANAGERS GROUP, INC."
AMGN,AMGEN INC.
AMP,"AMERIPRISE FINANCIAL SERVICES, INC."
AMT,AMERICAN TOWER CORPORATION (REIT)
AMTD,TD AMERITRADE HOLDING CORPORATION
AMZN,"AMAZON.COM, INC."
AN,"AUTONATION, INC."
ANAT,AMERICAN NATIONAL INSURANCE COMPANY
ANF,ABERCROMBIE & FITCH COMPANY
ANSS,"ANSYS, INC."
ANTM,"ANTHEM, INC."
AON,AON PLC
APA,APACHE CORPORATION
APC,ANADARKO PETROLEUM CORPORATION
APD,"AIR PRODUCTS AND CHEMICALS, INC."
APH,AMPHENOL CORPORATION
APOL,"APOLLO EDUCATION GROUP, INC."
ARAY,ACCURAY INCORPORATED
ARCC,ARES CAPITAL CORPORATION
ARE,"ALEXANDRIA REAL ESTATE EQUITIES, INC."
ARIA,"ARIAD PHARMACEUTICALS, INC."
AROC,"ARCHROCK, INC."
ARW,"ARROW ELECTRONICS, INC."
ASB,ASSOCIATED BANC-CORP
ASH,ASHLAND GLOBAL HOLDINGS INC.
ASNA,"ASCENA RETAIL GROUP, INC."
ATI,ALLEGHENY TECHNOLOGIES INCORPORATED
ATO,ATMOS ENERGY CORPORATION
ATR,"APTARGROUP, INC."
ATU,ACTUANT CORPORATION
ATVI,"ACTIVISION BLIZZARD, INC"
ATW,"ATWOOD OCEANICS, INC."
AVB,"AVALONBAY COMMUNITIES, INC."
AVGO,BROADCOM LIMITED
AVP,"AVON PRODUCTS, INC."
AVT,"AVNET, INC."
AVX,AVX CORPORATION
AVY,AVERY DENNISON CORPORATION
AWH,"ALLIED WORLD ASSURANCE COMPANY HOLDINGS, AG"
AWI,ARMSTRONG WORLD INDUSTRIES INC
AWK,AMERICAN WATER WORKS
AXP,AMERICAN EXPRESS COMPANY
AXS,AXIS CAPITAL HOLDINGS LIMITED
AYI,ACUITY BRANDS INC
AZO,"AUTOZONE, INC."
BA,BOEING COMPANY (THE)
BAC,BANK OF AMERICA CORPORATION
BAH,BOOZ ALLEN HAMILTON HOLDING CORPORATION
BAX,BAXTER INTERNATIONAL INC.
BBBY,BED BATH & BEYOND INC.
BBT,BB&T CORPORATION
BBY,"BEST BUY CO., INC."
BCO,BRINK'S COMPANY (THE)
BCR,"C.R. BARD, INC."
BDN,BRANDYWINE REALTY TRUST
BDX,"BECTON, DICKINSON AND COMPANY"
BEAV,"B/E AEROSPACE, INC."
BEL,BELMOND LTD.
BEN,"FRANKLIN RESOURCES, INC."
BF-B,BROWN FORMAN CORPORATION
BG,BUNGE LIMITED
BGC,GENERAL CABLE CORPORATION
BHI,BAKER HUGHES INCORPORATED
BIG,"BIG LOTS, INC."
BIIB,BIOGEN INC.
BIO,"BIO-RAD LABORATORIES, INC."
BK,BANK OF NEW YORK MELLON CORPORATION (THE)
BKD,BROOKDALE SENIOR LIVING INC.
BKS,"BARNES & NOBLE, INC."
BKU,"BANKUNITED, INC."
BLK,"BLACKROCK, INC."
BLL,BALL CORPORATION
BMRN,BIOMARIN PHARMACEUTICAL INC.
BMS,"BEMIS COMPANY, INC."
BMY,BRISTOL-MYERS SQUIBB COMPANY
BOH,BANK OF HAWAII CORPORATION
BOKF,BOK FINANCIAL CORPORATION
BPOP,"POPULAR, INC."
BR,"BROADRIDGE FINANCIAL SOLUTIONS, INC."
BRCD,"BROCADE COMMUNICATIONS SYSTEMS, INC."
BRK-B,BERKSHIRE HATHAWAY INC.
BRKR,BRUKER CORPORATION
BRO,"BROWN & BROWN, INC."
BSX,BOSTON SCIENTIFIC CORPORATION
BUD,ANHEUSER-BUSCH INBEV SA
BW,BABCOCK
BWA,BORGWARNER INC.
BWXT,"BWX TECHNOLOGIES, INC."
BXP,"BOSTON PROPERTIES, INC."
BXS,"BANCORPSOUTH, INC."
BYD,BOYD GAMING CORPORATION
C,CITIGROUP INC.
CA,CA INC.
CAG,"CONAGRA FOODS, INC."
CAH,"CARDINAL HEALTH, INC."
CAL,"CALERES, INC."
CAR,"AVIS BUDGET GROUP, INC."
CAT,"CATERPILLAR, INC."
CB,D/B/A CHUBB LIMITED NEW
CBG,"CBRE GROUP, INC."
CBI,CHICAGO BRIDGE & IRON COMPANY N.V.
CBL,"CBL & ASSOCIATES PROPERTIES, INC."
CBOE,"CBOE HOLDINGS, INC."
CBS,CBS CORPORATION
CBSH,"COMMERCE BANCSHARES, INC."
CBT,CABOT CORPORATION
CCE,COCA-COLA EUROPEAN PARTNERS PLC
CCI,CROWN CASTLE INTERNATIONAL CORPORATION
CCK,"CROWN HOLDINGS, INC."
CCL,CARNIVAL CORPORATION
CCO,"CLEAR CHANNEL OUTDOOR HOLDINGS, INC."
CCU,"COMPANIA CERVECERIAS UNIDAS, S.A."
CDNS,"CADENCE DESIGN SYSTEMS, INC."
CE,CELANESE CORPORATION
CEB,CEB INC.
CECO,CAREER EDUCATION CORPORATION
CELG,CELGENE CORPORATION
CEM,CLEARBRIDGE ENERGY MLP FUND INC.
CENX,CENTURY ALUMINUM COMPANY
CERN,CERNER CORPORATION
CETV,CENTRAL EUROPEAN MEDIA ENTERPRISES LTD.
CF,"CF INDUSTRIES HOLDINGS, INC."
CFFN,"CAPITOL FEDERAL FINANCIAL, INC."
CFR,"CULLEN/FROST BANKERS, INC."
CFX,COLFAX CORPORATION
CHD,"CHURCH & DWIGHT COMPANY, INC."
CHH,"CHOICE HOTELS INTERNATIONAL, INC."
CHK,CHESAPEAKE ENERGY CORPORATION
CHRW,"C.H. ROBINSON WORLDWIDE, INC."
CHS,"CHICO'S FAS, INC."
CHTR,"CHARTER COMMUNICATIONS, INC."
CI,CIGNA CORPORATION
CIE,"COBALT INTERNATIONAL ENERGY, INC."
CIEN,CIENA CORPORATION
CIM,CHIMERA INVESTMENT CORPORATION
CINF,CINCINNATI FINANCIAL CORPORATION
CIT,CIT GROUP INC (DEL)
CKH,"SEACOR HOLDINGS, INC."
CL,COLGATE-PALMOLIVE COMPANY
CLB,CORE LABORATORIES N.V.
CLF,CLIFFS NATURAL RESOURCES INC.
CLGX,"CORELOGIC, INC."
CLH,"CLEAN HARBORS, INC."
CLI,MACK-CALI REALTY CORPORATION
CLR,"CONTINENTAL RESOURCES, INC."
CLX,CLOROX COMPANY (THE)
CMA,COMERICA INCORPORATED
CMC,COMMERCIAL METALS COMPANY
CMCSA,COMCAST CORPORATION
CME,CME GROUP INC.
CMG,"CHIPOTLE MEXICAN GRILL, INC."
CMI,CUMMINS INC.
CMP,"COMPASS MINERALS INTERNATIONAL, INC."
CMPR,CIMPRESS N.V
CMS,CMS ENERGY CORPORATION
CNA,CNA FINANCIAL CORPORATION
CNK,CINEMARK HOLDINGS INC
CNO,"CNO FINANCIAL GROUP, INC."
CNP,"CENTERPOINT ENERGY, INC."
CNX,CONSOL ENERGY INC.
COF,CAPITAL ONE FINANCIAL CORPORATION
COG,CABOT OIL & GAS CORPORATION
COH,"COACH, INC."
COL,"ROCKWELL COLLINS, INC."
COO,"COOPER COMPANIES, INC. (THE)"
COP,CONOCOPHILLIPS
COST,COSTCO WHOLESALE CORPORATION
CPA,"COPA HOLDINGS, S.A."
CPB,CAMPBELL SOUP COMPANY
CPN,CALPINE CORPORATION
CPRT,"COPART, INC."
CPS,COOPER-STANDARD HOLDINGS INC.
CPT,CAMDEN PROPERTY TRUST
CR,CRANE COMPANY
CREE,"CREE, INC."
CRI,"CARTER'S, INC."
CRK,"COMSTOCK RESOURCES, INC."
CRL,"CHARLES RIVER LABORATORIES INTERNATIONAL, INC."
CRM,SALESFORCE.COM INC
CRR,"CARBO CERAMICS, INC."
CRS,CARPENTER TECHNOLOGY CORPORATION
CSC,COMPUTER SCIENCES CORPORATION
CSCO,"CISCO SYSTEMS, INC."
CSL,CARLISLE COMPANIES INCORPORATED
CSX,CSX CORPORATION
CTAS,CINTAS CORPORATION
CTL,"CENTURYLINK, INC."
CTSH,COGNIZANT TECHNOLOGY SOLUTIONS CORPORATION
CTV,QWEST CORPORATION
CTX,QWEST CORPORATION
CTXS,"CITRIX SYSTEMS, INC."
CVA,COVANTA HOLDING CORPORATION
CVG,CONVERGYS CORPORATION
CVS,CVS HEALTH CORPORATION
CVX,CHEVRON CORPORATION
CXO,CONCHO RESOURCES INC.
CXW,CORRECTIONS CORPORATION OF AMERICA
CY,CYPRESS SEMICONDUCTOR CORPORATION
CYH,"COMMUNITY HEALTH SYSTEMS, INC."
D,"DOMINION RESOURCES, INC."
DAL,"DELTA AIR LINES, INC."
DBD,"DIEBOLD, INCORPORATED"
DCI,"DONALDSON COMPANY, INC."
DD,E.I. DU PONT DE NEMOURS AND COMPANY
DDR,DDR CORP.
DDS,"DILLARD'S, INC."
DE,DEERE & COMPANY
DECK,DECKERS OUTDOOR CORPORATION
DEI,"DOUGLAS EMMETT, INC."
DF,DEAN FOODS COMPANY
DFS,DISCOVER FINANCIAL SERVICES
DG,DOLLAR GENERAL CORPORATION
DGX,QUEST DIAGNOSTICS INCORPORATED
DHI,"D.R. HORTON, INC."
DHR,DANAHER CORPORATION
DIS,WALT DISNEY COMPANY (THE)
DISCA,"DISCOVERY COMMUNICATIONS, INC."
DISCK,"DISCOVERY COMMUNICATIONS, INC."
DISH,DISH NETWORK CORPORATION
DKS,DICK'S SPORTING GOODS INC
DLB,DOLBY LABORATORIES
DLPH,DELPHI AUTOMOTIVE PLC
DLR,"DIGITAL REALTY TRUST, INC."
DLTR,"DOLLAR TREE, INC."
DNB,DUN & BRADSTREET CORPORATION (THE)
DNKN,"DUNKIN' BRANDS GROUP, INC."
DNR,DENBURY RESOURCES INC.
DO,"DIAMOND OFFSHORE DRILLING, INC."
DOV,DOVER CORPORATION
DOW,DOW CHEMICAL COMPANY (THE)
DOX,AMDOCS LIMITED
DPS,"DR PEPPER SNAPPLE GROUP, INC"
DRE,DUKE REALTY CORPORATION
DRI,"DARDEN RESTAURANTS, INC."
DST,"DST SYSTEMS, INC."
DSW,DSW INC.
DTE,DTE ENERGY COMPANY
DUK,DUKE ENERGY CORPORATION
DV,DEVRY EDUCATION GROUP INC.
DVA,DAVITA INC.
DVN,DEVON ENERGY CORPORATION
DYN,DYNEGY INC.
EA,ELECTRONIC ARTS INC.
EAC,ERICKSON INCORPORATED
EAT,"BRINKER INTERNATIONAL, INC."
EBAY,EBAY INC.
ECL,ECOLAB INC.
ED,CONSOLIDATED EDISON INC
EDMC,EDUCATION MANAGEMENT CORPORATIO
EFX,"EQUIFAX, INC."
EGN,ENERGEN CORPORATION
EIX,EDISON INTERNATIONAL
EL,"ESTEE LAUDER COMPANIES, INC. (THE)"
ELS,"EQUITY LIFESTYLE PROPERTIES, INC."
EMC,EMC CORPORATION COMMON STOCK
EMN,EASTMAN CHEMICAL COMPANY
EMR,EMERSON ELECTRIC COMPANY
ENDP,ENDO INTERNATIONAL PLC
ENH,ENDURANCE SPECIALTY HOLDINGS LTD
ENR,"ENERGIZER HOLDINGS, INC."
EOG,"EOG RESOURCES, INC."
EPC,"ENERGIZER HOLDINGS, INC."
EQC,EQUITY COMMONWEALTH
EQIX,"EQUINIX, INC."
EQR,EQUITY RESIDENTIAL
EQT,EQT CORPORATION
ERIE,ERIE INDEMNITY COMPANY
ESI,"ITT EDUCATIONAL SERVICES, INC."
ESRX,EXPRESS SCRIPTS HOLDING COMPANY
ESS,"ESSEX PROPERTY TRUST, INC."
ESV,ENSCO PLC
ETFC,E*TRADE FINANCIAL CORPORATION
ETN,"EATON CORPORATION, PLC"
ETR,ENTERGY CORPORATION
EV,EATON VANCE CORPORATION
EW,EDWARDS LIFESCIENCES CORPORATION
EWBC,"EAST WEST BANCORP, INC."
EXC,EXELON CORPORATION
EXP,EAGLE MATERIALS INC
EXPD,"EXPEDITORS INTERNATIONAL OF WASHINGTON, INC."
EXPE,"EXPEDIA, INC."
EXR,EXTRA SPACE STORAGE INC
F,FORD MOTOR COMPANY
FAF,FIRST AMERICAN CORPORATION (THE)
FAST,FASTENAL COMPANY
FB,"FACEBOOK, INC."
FBHS,"FORTUNE BRANDS HOME & SECURITY, INC."
FCE-A,"FOREST CITY REALTY TRUST, INC."
FCN,"FTI CONSULTING, INC."
FCNCA,"FIRST CITIZENS BANCSHARES, INC."
FCS,FAIRCHILD SEMICONDUCTOR INTERNA
FCX,"FREEPORT-MCMORAN, INC."
FDML,FEDERAL-MOGUL HOLDINGS CORPORATION
FDS,FACTSET RESEARCH SYSTEMS INC.
FDX,FEDEX CORPORATION
FE,FIRSTENERGY CORPORATION
FFIV,"F5 NETWORKS, INC."
FHN,FIRST HORIZON NATIONAL CORPORATION
FII,"FEDERATED INVESTORS, INC."
FIS,"FIDELITY NATIONAL INFORMATION SERVICES, INC."
FISV,"FISERV, INC."
FITB,FIFTH THIRD BANCORP
FL,"FOOT LOCKER, INC."
FLIR,"FLIR SYSTEMS, INC."
FLO,"FLOWERS FOODS, INC."
FLR,FLUOR CORPORATION
FLS,FLOWSERVE CORPORATION
FLT,"FLEETCOR TECHNOLOGIES, INC."
FLWS,"1-800 FLOWERS.COM, INC."
FMC,FMC CORPORATION
FNF,"FIDELITY NATIONAL FINANCIAL, INC."
FOSL,"FOSSIL GROUP, INC."
FPL,FIRST TRUST NEW OPPORTUNITIES MLP & ENERGY FUND
FRC,FIRST REPUBLIC BANK
FRO,FRONTLINE LTD.
FRT,FEDERAL REALTY INVESTMENT TRUST
FSLR,"FIRST SOLAR, INC."
FTI,"FMC TECHNOLOGIES, INC."
FTNT,"FORTINET, INC."
FTR,FRONTIER COMMUNICATIONS CORPORATION
FULT,FULTON FINANCIAL CORPORATION
G,GENPACT LIMITED
GCI,TEGNA INC.
GD,GENERAL DYNAMICS CORPORATION
GDOT,GREEN DOT CORPORATION
GE,GENERAL ELECTRIC COMPANY
GEF,GREIF BROS. CORPORATION
GEN,"GENESIS HEALTHCARE, INC."
GES,"GUESS, INC."
GGG,GRACO INC.
GGP,"GENERAL GROWTH PROPERTIES, INC."
GHL,"GREENHILL & CO., INC."
GILD,"GILEAD SCIENCES, INC."
GIS,"GENERAL MILLS, INC."
GLBL,"TERRAFORM GLOBAL, INC."
GLNG,GOLAR LNG LIMITED
GLW,CORNING INCORPORATED
GM,GENERAL MOTORS COMPANY
GME,GAMESTOP CORPORATION
GNC,"GNC HOLDINGS, INC."
GNTX,GENTEX CORPORATION
GNW,GENWORTH FINANCIAL INC
GOOG,ALPHABET INC.
GOOGL,ALPHABET INC.
GPC,GENUINE PARTS COMPANY
GPN,GLOBAL PAYMENTS INC.
GPRO,"GOPRO, INC."
GPS,"GAP, INC. (THE)"
GRA,W.R. GRACE & CO.
GRMN,GARMIN LTD.
GRPN,"GROUPON, INC."
GS,"GOLDMAN SACHS GROUP, INC. (THE)"
GT,THE GOODYEAR TIRE & RUBBER COMPANY
GWW,"W.W. GRAINGER, INC."
GXP,GREAT PLAINS ENERGY INC
H,HYATT HOTELS CORPORATION
HAL,HALLIBURTON COMPANY
HAR,"HARMAN INTERNATIONAL INDUSTRIES, INCORPORATED"
HAS,"HASBRO, INC."
HBAN,HUNTINGTON BANCSHARES INCORPORATED
HBI,HANESBRANDS INC.
HCA,"HCA HOLDINGS, INC."
HCN,WELLTOWER INC.
HCP,"HCP, INC."
HD,"HOME DEPOT, INC. (THE)"
HE,"HAWAIIAN ELECTRIC INDUSTRIES, INC."
HES,HESS CORPORATION
HFC,HOLLYFRONTIER CORPORATION
HHC,HOWARD HUGHES CORPORATION (THE)
HI,HILLENBRAND INC
HIG,"HARTFORD FINANCIAL SERVICES GROUP, INC. (THE)"
HII,"HUNTINGTON INGALLS INDUSTRIES, INC."
HK,HALCON RESOURCES CORPORATION
HLF,HERBALIFE LTD.
HLTH,NOBILIS HEALTH CORP.
HLX,"HELIX ENERGY SOLUTIONS GROUP, INC."
HOG,"HARLEY-DAVIDSON, INC."
HOLX,"HOLOGIC, INC."
HON,HONEYWELL INTERNATIONAL INC.
HOT,STARWOOD HOTELS & RESORTS WORLD
HP,"HELMERICH & PAYNE, INC."
HPQ,HP INC.
HPT,HOSPITALITY PROPERTIES TRUST
HRB,"H&R BLOCK, INC."
HRC,HILL-ROM HOLDINGS INC
HRL,HORMEL FOODS CORPORATION
HRS,HARRIS CORPORATION
HSC,HARSCO CORPORATION
HSIC,"HENRY SCHEIN, INC."
HST,"HOST HOTELS & RESORTS, INC."
HSY,HERSHEY COMPANY (THE)
HTZ,"HERTZ GLOBAL HOLDINGS, INC"
HUM,HUMANA INC.
HUN,HUNTSMAN CORPORATION
IAC,IAC/INTERACTIVECORP
IBKR,"INTERACTIVE BROKERS GROUP, INC."
IBM,INTERNATIONAL BUSINESS MACHINES CORPORATION
ICE,INTERCONTINENTAL EXCHANGE INC.
IDTI,"INTEGRATED DEVICE TECHNOLOGY, INC."
IDXX,"IDEXX LABORATORIES, INC."
IEX,IDEX CORPORATION
IFF,"INTERNATIONA FLAVORS & FRAGRANCES, INC."
IGT,INTERNATIONAL GAME TECHNOLOGY
ILMN,"ILLUMINA, INC."
IM,INGRAM MICRO INC.
IMCL,IMCLONE SYSTEMS INC
INCY,INCYTE CORPORATION
INGR,INGREDION INCORPORATED
INT,WORLD FUEL SERVICES CORPORATION
INTC,INTEL CORPORATION
INTU,INTUIT INC.
IP,INTERNATIONAL PAPER COMPANY
IPG,"INTERPUBLIC GROUP OF COMPANIES, INC. (THE)"
IPGP,IPG PHOTONICS CORPORATION
IPI,"INTREPID POTASH, INC"
IR,INGERSOLL-RAND PLC (IRELAND)
IRM,IRON MOUNTAIN INCORPORATED
ISCA,INTERNATIONAL SPEEDWAY CORPORATION
ISIL,INTERSIL CORPORATION
ISRG,"INTUITIVE SURGICAL, INC."
IT,"GARTNER, INC."
ITC,ITC HOLDINGS CORP.
ITG,"INVESTMENT TECHNOLOGY GROUP, INC."
ITRI,"ITRON, INC."
ITT,ITT INC.
ITW,ILLINOIS TOOL WORKS INC.
IVZ,INVESCO PLC
JBHT,"J.B. HUNT TRANSPORT SERVICES, INC."
JBL,"JABIL CIRCUIT, INC."
JCI,JOHNSON CONTROLS INTERNATIONAL PLC
JCP,"J.C. PENNEY COMPANY, INC. HOLDING COMPANY"
JEC,JACOBS ENGINEERING GROUP INC.
JKHY,"JACK HENRY & ASSOCIATES, INC."
JLL,JONES LANG LASALLE INCORPORATED
JNJ,JOHNSON & JOHNSON
JNPR,"JUNIPER NETWORKS, INC."
JNS,"JANUS CAPITAL GROUP, INC"
JOE,ST. JOE COMPANY (THE)
JOY,JOY GLOBAL INC.
JPM,J P MORGAN CHASE & CO
JW-A,"JOHN WILEY & SONS, INC."
JWN,"NORDSTROM, INC."
K,KELLOGG COMPANY
KAR,"KAR AUCTION SERVICES, INC"
KBH,KB HOME
KBR,"KBR, INC."
KEX,KIRBY CORPORATION
KEY,KEYCORP
KIM,KIMCO REALTY CORPORATION
KLAC,KLA-TENCOR CORPORATION
KMB,KIMBERLY-CLARK CORPORATION
KMI,"KINDER MORGAN, INC."
KMPR,KEMPER CORPORATION
KMT,KENNAMETAL INC.
KMX,CARMAX INC
KO,COCA-COLA COMPANY (THE)
KORS,MICHAEL KORS HOLDINGS LIMITED
KOS,KOSMOS ENERGY LTD.
KR,KROGER COMPANY (THE)
KRC,KILROY REALTY CORPORATION
KRO,KRONOS WORLDWIDE INC
KSS,KOHL'S CORPORATION
KSU,KANSAS CITY SOUTHERN
KWKAQ,
L,LOEWS CORPORATION
LAMR,LAMAR ADVERTISING COMPANY
LAZ,LAZARD LTD.
LB,"L BRANDS, INC."
LBTYA,LIBERTY GLOBAL PLC
LEA,LEAR CORPORATION
LECO,"LINCOLN ELECTRIC HOLDINGS, INC."
LEG,"LEGGETT & PLATT, INCORPORATED"
LEN,LENNAR CORPORATION
LH,LABORATORY CORPORATION OF AMERICA HOLDINGS
LIFE,"ATYR PHARMA, INC."
LII,"LENNOX INTERNATIONAL, INC."
LKQ,LKQ CORPORATION
LLL,"L-3 COMMUNICATIONS HOLDINGS, INC."
LLTC,LINEAR TECHNOLOGY CORPORATION
LLY,ELI LILLY AND COMPANY
LM,"LEGG MASON, INC."
LMCA,LIBERTY MEDIA CORPORATION
LMT,LOCKHEED MARTIN CORPORATION
LNC,LINCOLN NATIONAL CORPORATION
LNG,"CHENIERE ENERGY, INC."
LNKD,LINKEDIN CORPORATION
LNT,ALLIANT ENERGY CORPORATION
LOW,"LOWE'S COMPANIES, INC."
LPI,"LAREDO PETROLEUM, INC."
LPLA,LPL FINANCIAL HOLDINGS INC.
LPNT,"LIFEPOINT HEALTH, INC."
LRCX,LAM RESEARCH CORPORATION
LSI,"LIFE STORAGE, INC."
LSTR,"LANDSTAR SYSTEM, INC."
LUK,LEUCADIA NATIONAL CORPORATION
LUV,SOUTHWEST AIRLINES COMPANY
LVLT,"LEVEL 3 COMMUNICATIONS, INC."
LVS,LAS VEGAS SANDS CORP.
LXK,"LEXMARK INTERNATIONAL, INC."
LYB,LYONDELLBASELL INDUSTRIES NV
M,MACY'S INC
MA,MASTERCARD INCORPORATED
MAA,"MID-AMERICA APARTMENT COMMUNITIES, INC."
MAC,MACERICH COMPANY (THE)
MAN,MANPOWERGROUP
MAR,MARRIOTT INTERNATIONAL
MAS,MASCO CORPORATION
MAT,"MATTEL, INC."
MBI,"MBIA, INC."
MCD,MCDONALD'S CORPORATION
MCHP,MICROCHIP TECHNOLOGY INCORPORATED
MCK,MCKESSON CORPORATION
MCO,MOODY'S CORPORATION
MCY,MERCURY GENERAL CORPORATION
MD,"MEDNAX, INC"
MDC,"M.D.C. HOLDINGS, INC."
MDP,MEREDITH CORPORATION
MDR,"MCDERMOTT INTERNATIONAL, INC."
MDRX,"ALLSCRIPTS HEALTHCARE SOLUTIONS, INC."
MDT,MEDTRONIC PLC
MDU,"MDU RESOURCES GROUP, INC."
MDVN,"MEDIVATION, INC."
MET,"METLIFE, INC."
MFA,"MFA FINANCIAL, INC."
MFCB,MFC BANCORP LTD.
MGM,MGM RESORTS INTERNATIONAL
MHK,"MOHAWK INDUSTRIES, INC."
MJN,MEAD JOHNSON NUTRITION COMPANY
MKC,"MCCORMICK & COMPANY, INCORPORATED"
MKL,MARKEL CORPORATION
MLM,"MARTIN MARIETTA MATERIALS, INC."
MMC,"MARSH & MCLENNAN COMPANIES, INC."
MMI,"MARCUS & MILLICHAP, INC."
MMM,3M COMPANY
MNST,MONSTER BEVERAGE CORPORATION
MO,ALTRIA GROUP
MON,MONSANTO COMPANY
MORN,"MORNINGSTAR, INC."
MOS,MOSAIC COMPANY (THE)
MPC,MARATHON PETROLEUM CORPORATION
MRC,MRC GLOBAL INC.
MRK,"MERCK & COMPANY, INC."
MRO,MARATHON OIL CORPORATION
MRVL,MARVELL TECHNOLOGY GROUP LTD.
MS,MORGAN STANLEY
MSCI,MSCI INC
MSFT,MICROSOFT CORPORATION
MSG,MSG NETWORKS INC.
MSI,"MOTOROLA SOLUTIONS, INC."
MSM,"MSC INDUSTRIAL DIRECT COMPANY, INC."
MTB,M&T BANK CORPORATION
MTD,"METTLER-TOLEDO INTERNATIONAL, INC."
MTG,MGIC INVESTMENT CORPORATION
MTW,"MANITOWOC COMPANY, INC. (THE)"
MU,"MICRON TECHNOLOGY, INC."
MUR,MURPHY OIL CORPORATION
MWW,"MONSTER WORLDWIDE, INC."
MXIM,"MAXIM INTEGRATED PRODUCTS, INC."
MYGN,"MYRIAD GENETICS, INC."
MYL,MYLAN N.V.
N,NETSUITE INC
NATI,NATIONAL INSTRUMENTS CORPORATION
NAV,NAVISTAR INTERNATIONAL CORPORATION
NBL,NOBLE ENERGY INC.
NBR,NABORS INDUSTRIES LTD.
NCR,NCR CORPORATION
NDAQ,"NASDAQ, INC."
NDSN,NORDSON CORPORATION
NE,NOBLE CORPORATION
NEE,"NEXTERA ENERGY, INC."
NEM,NEWMONT MINING CORPORATION
NEU,NEWMARKET CORPORATION
NFG,NATIONAL FUEL GAS COMPANY
NFLX,"NETFLIX, INC."
NFX,NEWFIELD EXPLORATION COMPANY
NI,"NISOURCE, INC"
NIHD,"NII HOLDINGS, INC."
NKE,"NIKE, INC."
NLSN,NIELSEN N.V.
NLY,ANNALY CAPITAL MANAGEMENT INC
NNN,NATIONAL RETAIL PROPERTIES
NOC,NORTHROP GRUMMAN CORPORATION
NOV,"NATIONAL OILWELL VARCO, INC."
NRG,"NRG ENERGY, INC."
NSC,NORFOLK SOUTHER CORPORATION
NSM,NATIONSTAR MORTGAGE HOLDINGS INC.
NSR,"NEUSTAR, INC."
NTAP,"NETAPP, INC."
NTRS,NORTHERN TRUST CORPORATION
NUAN,"NUANCE COMMUNICATIONS, INC."
NUE,NUCOR CORPORATION
NUS,"NU SKIN ENTERPRISES, INC."
NVDA,NVIDIA CORPORATION
NVLS,"NIVALIS THERAPEUTICS, INC."
NVR,"NVR, INC."
NWL,NEWELL BRANDS INC.
NWSA,NEWS CORPORATION
NYT,NEW YORK TIMES COMPANY (THE)
O,REALTY INCOME CORPORATION
OA,"ORBITAL ATK, INC."
OB,"ONEBEACON INSURANCE GROUP, LTD."
OC,OWENS CORNING INC
ODP,"OFFICE DEPOT, INC."
OFC,CORPORATE OFFICE PROPERTIES TRUST
OGE,OGE ENERGY CORPORATION
OI,"OWENS-ILLINOIS, INC."
OII,"OCEANEERING INTERNATIONAL, INC."
OIS,"OIL STATES INTERNATIONAL, INC."
OKE,"ONEOK, INC."
OMC,OMNICOM GROUP INC.
ON,ON SEMICONDUCTOR CORPORATION
ORA,"ORMAT TECHNOLOGIES, INC."
ORCL,ORACLE CORPORATION
ORI,OLD REPUBLIC INTERNATIONAL CORPORATION
ORLY,"O'REILLY AUTOMOTIVE, INC."
OSG,"OVERSEAS SHIPHOLDING GROUP, INC."
OSK,OSHKOSH CORPORATION
OXY,OCCIDENTAL PETROLEUM CORPORATION
P,"PANDORA MEDIA, INC."
PAG,"PENSKE AUTOMOTIVE GROUP, INC."
PAR,PAR TECHNOLOGY CORPORATION
PAY,"VERIFONE SYSTEMS, INC."
PAYX,"PAYCHEX, INC."
PBCT,"PEOPLE'S UNITED FINANCIAL, INC."
PBI,PITNEY BOWES INC.
PCAR,PACCAR INC.
PCG,PACIFIC GAS & ELECTRIC CO.
PCLN,THE PRICELINE GROUP INC.
PDCO,"PATTERSON COMPANIES, INC."
PDM,"PIEDMONT OFFICE REALTY TRUST, INC."
PEG,PUBLIC SERVICE ENTERPRISE GROUP INCORPORATED
PENN,"PENN NATIONAL GAMING, INC."
PEP,"PEPSICO, INC."
PFE,"PFIZER, INC."
PFG,PRINCIPAL FINANCIAL GROUP INC
PG,PROCTER & GAMBLE COMPANY (THE)
PGR,PROGRESSIVE CORPORATION (THE)
PH,PARKER-HANNIFIN CORPORATION
PHM,"PULTEGROUP, INC."
PII,POLARIS INDUSTRIES INC.
PKG,PACKAGING CORPORATION OF AMERICA
PKI,"PERKINELMER, INC."
PLCM,POLYCOM INC
PLD,"PROLOGIS, INC."
PM,PHILIP MORRIS INTERNATIONAL INC
PNC,"PNC FINANCIAL SERVICES GROUP, INC. (THE)"
PNR,PENTAIR PLC.
PNRA,PANERA BREAD COMPANY
PNW,PINNACLE WEST CAPITAL CORPORATION
PPG,"PPG INDUSTRIES, INC."
PPL,PPL CORPORATION
PPS,"POST PROPERTIES, INC."
PRA,PROASSURANCE CORPORATION
PRGO,PERRIGO COMPANY
PRU,"PRUDENTIAL FINANCIAL, INC."
PSA,PUBLIC STORAGE
PSX,PHILLIPS 66
PTEN,"PATTERSON-UTI ENERGY, INC."
PVH,PVH CORP.
PWR,"QUANTA SERVICES, INC."
PX,"PRAXAIR, INC."
PXD,PIONEER NATURAL RESOURCES COMPANY
Q,QUINTILES TRANSITIONAL HOLDINGS INC.
QCOM,QUALCOMM INCORPORATED
QEP,"QEP RESOURCES, INC."
QGEN,QIAGEN N.V.
R,"RYDER SYSTEM, INC."
RAD,RITE AID CORPORATION
RAI,REYNOLDS AMERICAN INC
RAX,"RACKSPACE HOSTING, INC"
RBC,REGAL BELOIT CORPORATION
RCL,ROYAL CARIBBEAN CRUISES LTD.
RDC,ROWAN COMPANIES PLC
RE,"EVEREST RE GROUP, LTD."
REG,REGENCY CENTERS CORPORATION
REGN,"REGENERON PHARMACEUTICALS, INC."
RES,"RPC, INC."
RF,REGIONS FINANCIAL CORPORATION
RGA,"REINSURANCE GROUP OF AMERICA, INCORPORATED"
RGC,REGAL ENTERTAINMENT GROUP
RGLD,"ROYAL GOLD, INC."
RHI,ROBERT HALF INTERNATIONAL INC.
RHT,"RED HAT, INC."
RIG,TRANSOCEAN LTD.
RJF,"RAYMOND JAMES FINANCIAL, INC."
RL,RALPH LAUREN CORPORATION
RMBS,"RAMBUS, INC."
RMD,RESMED INC.
RNR,RENAISSANCERE HOLDINGS LTD.
ROK,"ROCKWELL AUTOMATION, INC."
ROL,"ROLLINS, INC."
ROP,"ROPER TECHNOLOGIES, INC."
ROST,"ROSS STORES, INC."
ROVI,ROVI CORPORATION
RPAI,"RETAIL PROPERTIES OF AMERICA, INC."
RPM,RPM INTERNATIONAL INC.
RRC,RANGE RESOURCES CORPORATION
RRD,R.R. DONNELLEY & SONS COMPANY
RS,RELIANCE STEEL & ALUMINUM CO.
RSG,"REPUBLIC SERVICES, INC."
RTN,RAYTHEON COMPANY
RYN,RAYONIER INC.
S,SPRINT CORPORATION
SATS,ECHOSTAR CORPORATION
SBAC,SBA COMMUNICATIONS CORPORATION
SBH,"SALLY BEAUTY HOLDINGS, INC."
SBNY,SIGNATURE BANK
SBUX,STARBUCKS CORPORATION
SCCO,SOUTHERN COPPER CORPORATION
SCG,SCANA CORPORATION
SCHN,"SCHNITZER STEEL INDUSTRIES, INC."
SCHW,THE CHARLES SCHWAB CORPORATION
SCI,SERVICE CORPORATION INTERNATIONAL
SCS,STEELCASE INC.
SE,SPECTRA ENERGY CORP
SEE,SEALED AIR CORPORATION
SEIC,SEI INVESTMENTS COMPANY
SGMS,SCIENTIFIC GAMES CORP
SHLD,SEARS HOLDINGS CORPORATION
SHW,SHERWIN-WILLIAMS COMPANY (THE)
SIG,SIGNET JEWELERS LIMITED
SIRI,SIRIUS XM HOLDINGS INC.
SIVB,SVB FINANCIAL GROUP
SJM,J.M. SMUCKER COMPANY (THE)
SKT,"TANGER FACTORY OUTLET CENTERS, INC."
SLAB,"SILICON LABORATORIES, INC."
SLB,SCHLUMBERGER N.V.
SLG,SL GREEN REALTY CORPORATION
SLGN,SILGAN HOLDINGS INC.
SLM,SLM CORPORATION
SM,SM ENERGY COMPANY
SMG,SCOTTS MIRACLE-GRO COMPANY (THE)
SNA,SNAP-ON INCORPORATED
SNH,SENIOR HOUSING PROPERTIES TRUST
SNI,"SCRIPPS NETWORKS INTERACTIVE, INC"
SNPS,"SYNOPSYS, INC."
SNV,SYNOVUS FINANCIAL CORP.
SO,SOUTHERN COMPANY (THE)
SOHU,SOHU.COM INC.
SON,SONOCO PRODUCTS COMPANY
SPG,"SIMON PROPERTY GROUP, INC."
SPLK,SPLUNK INC.
SPLS,"STAPLES, INC."
SPN,"SUPERIOR ENERGY SERVICES, INC."
SPR,"SPIRIT AEROSYSTEMS HOLDINGS, INC."
SPWR,SUNPOWER CORPORATION
SRCE,1ST SOURCE CORPORATION
SRCL,"STERICYCLE, INC."
SRE,SEMPRA ENERGY
SSP,E.W. SCRIPPS COMPANY (THE)
STI,"SUNTRUST BANKS, INC."
STJ,"ST. JUDE MEDICAL, INC."
STLD,"STEEL DYNAMICS, INC."
STR,QUESTAR CORPORATION COMMON STOC
STRA,"STRAYER EDUCATION, INC."
STT,STATE STREET CORPORATION
STX,SEAGATE TECHNOLOGY PLC
STZ,CONSTELLATION BRANDS INC
SUN,SUNOCO LP
SVU,SUPERVALU INC.
SWK,"STANLEY BLACK & DECKER, INC."
SWKS,"SKYWORKS SOLUTIONS, INC."
SWN,SOUTHWESTERN ENERGY COMPANY
SYK,STRYKER CORPORATION
SYMC,SYMANTEC CORPORATION
SYY,SYSCO CORPORATION
T,AT&T INC.
TAHO,"TAHOE RESOURCES, INC."
TAP,MOLSON COORS BREWING COMPANY
TCB,TCF FINANCIAL CORPORATION
TCO,"TAUBMAN CENTERS, INC."
TDC,TERADATA CORPORATION
TDG,TRANSDIGM GROUP INCORPORATED
TDS,"TELEPHONE AND DATA SYSTEMS, INC."
TDW,TIDEWATER INC.
TECD,TECH DATA CORPORATION
TECH,BIO-TECHNE CORP
TEL,TE CONNECTIVITY LTD.
TER,"TERADYNE, INC."
TEX,TEREX CORPORATION
TFSL,TFS FINANCIAL CORPORATION
TFX,TELEFLEX INCORPORATED
TGI,"TRIUMPH GROUP, INC."
TGNA,TEGNA INC.
TGT,TARGET CORPORATION
THC,TENET HEALTHCARE CORPORATION
THG,"THE HANOVER INSURANCE GROUP, INC."
THO,"THOR INDUSTRIES, INC."
TIF,TIFFANY & CO.
TJX,"TJX COMPANIES, INC. (THE)"
TK,TEEKAY CORPORATION
TKR,TIMKEN COMPANY (THE)
TMK,TORCHMARK CORPORATION
TMO,THERMO FISHER SCIENTIFIC INC
TOL,TOLL BROTHERS INC.
TPX,"TEMPUR SEALY INTERNATIONAL, INC."
TRI,THOMSON REUTERS CORP
TRIP,"TRIPADVISOR, INC."
TRMB,TRIMBLE NAVIGATION LIMITED
TRN,"TRINITY INDUSTRIES, INC."
TROW,"T. ROWE PRICE GROUP, INC."
TRV,"THE TRAVELERS COMPANIES, INC."
TSCO,TRACTOR SUPPLY COMPANY
TSLA,"TESLA MOTORS, INC."
TSN,"TYSON FOODS, INC."
TSO,TESORO CORPORATION
TSS,"TOTAL SYSTEM SERVICES, INC."
TTC,TORO COMPANY (THE)
TTI,"TETRA TECHNOLOGIES, INC."
TUP,TUPPERWARE BRANDS CORPORATION
TWX,TIME WARNER INC.
TXN,TEXAS INSTRUMENTS INCORPORATED
TXT,TEXTRON INC.
TYC,"TYCO INTERNATIONAL, LTD. (SWITZ"
UA,"UNDER ARMOUR, INC."
UAL,"UNITED CONTINENTAL HOLDINGS, INC."
UDR,"UNITED DOMINION REALTY TRUST, INC."
UFS,DOMTAR CORPORATION
UGI,UGI CORPORATION
UHS,"UNIVERSAL HEALTH SERVICES, INC."
UIS,UNISYS CORPORATION
ULTA,"ULTA SALON, COSMETICS & FRAGRANCE, INC."
UNH,UNITEDHEALTH GROUP INCORPORATED
UNM,UNUM GROUP
UNP,UNION PACIFIC CORPORATION
UNT,UNIT CORPORATION
UPS,"UNITED PARCEL SERVICE, INC."
URBN,"URBAN OUTFITTERS, INC."
URI,"UNITED RENTALS, INC."
USB,U.S. BANCORP
USG,USG CORPORATION
USM,UNITED STATES CELLULAR CORPORATION
UST,PROSHARES ULTRA 7-10 YEAR TREAS
UTHR,UNITED THERAPEUTICS CORPORATION
UTX,UNITED TECHNOLOGIES CORPORATION
V,VISA INC.
VAL,VALSPAR CORPORATION (THE)
VAR,"VARIAN MEDICAL SYSTEMS, INC."
VC,VISTEON CORPORATION
VFC,V.F. CORPORATION
VHI,"VALHI, INC."
VIAB,VIACOM INC.
VIAV,VIAVI SOLUTIONS INC.
VLO,VALERO ENERGY CORPORATION
VLY,VALLEY NATIONAL BANCORP
VMC,VULCAN MATERIALS COMPANY
VMI,"VALMONT INDUSTRIES, INC."
VMW,"VMWARE, INC."
VNO,VORNADO REALTY TRUST
VNTV,"VANTIV, INC."
VR,"VALIDUS HOLDINGS, LTD."
VRSK,"VERISK ANALYTICS, INC."
VRSN,"VERISIGN, INC."
VRTX,VERTEX PHARMACEUTICALS INCORPORATED
VRX,"VALEANT PHARMACEUTICALS INTERNATIONAL, INC."
VSH,"VISHAY INTERTECHNOLOGY, INC."
VTR,"VENTAS, INC."
VVC,VECTREN CORPORATION
VZ,VERIZON COMMUNICATIONS INC.
WAB,WESTINGHOUSE AIR BRAKE TECHNOLOGIES CORPORATION
WAFD,"WASHINGTON FEDERAL, INC."
WAT,WATERS CORPORATION
WB,WEIBO CORPORATION
WBA,"WALGREENS BOOTS ALLIANCE, INC."
WBC,WABCO HOLDINGS INC.
WBMD,WEBMD HEALTH CORP
WBS,WEBSTER FINANCIAL CORPORATION
WCC,"WESCO INTERNATIONAL, INC."
WCG,"WELLCARE HEALTH PLANS, INC."
WCN,"WASTE CONNECTIONS, INC."
WDC,WESTERN DIGITAL CORPORATION
WDR,"WADDELL & REED FINANCIAL, INC."
WEC,"WEC ENERGY GROUP, INC."
WEN,WENDY'S COMPANY (THE)
WFC,WELLS FARGO & COMPANY
WFM,"WHOLE FOODS MARKET, INC."
WFT,WEATHERFORD INTERNATIONAL PLC
WHR,WHIRLPOOL CORPORATION
WIN,"WINDSTREAM HOLDINGS, INC."
WLK,WESTLAKE CHEMICAL CORPORATION
WLL,WHITING PETROLEUM CORPORATION
WM,"WASTE MANAGEMENT, INC."
WMB,"WILLIAMS COMPANIES, INC. (THE)"
WMS,"ADVANCED DRAINAGE SYSTEMS, INC."
WMT,"WAL-MART STORES, INC."
WOOF,VCA INC.
WPX,"WPX ENERGY, INC."
WR,"WESTAR ENERGY, INC."
WRB,W.R. BERKLEY CORPORATION
WRI,WEINGARTEN REALTY INVESTORS
WSM,"WILLIAMS-SONOMA, INC."
WTI,"W&T OFFSHORE, INC."
WTM,"WHITE MOUNTAINS INSURANCE GROUP, LTD."
WTR,"AQUA AMERICA, INC."
WTW,WEIGHT WATCHERS INTERNATIONAL INC
WU,WESTERN UNION COMPANY (THE)
WY,WEYERHAEUSER COMPANY
WYN,WYNDHAM WORLDWIDE CORP
WYNN,"WYNN RESORTS, LIMITED"
X,UNITED STATES STEEL CORPORATION
XCO,EXCO RESOURCES NL
XEC,CIMAREX ENERGY CO
XEL,XCEL ENERGY INC.
XL,XL GROUP LTD.
XLNX,"XILINX, INC."
XOM,EXXON MOBIL CORPORATION
XRAY,DENTSPLY SIRONA INC.
XRX,XEROX CORPORATION
XYL,XYLEM INC.
Y,ALLEGHANY CORPORATION
YHOO,YAHOO! INC.
YUM,"YUM! BRANDS, INC."
ZBH,"ZIMMER BIOMET HOLDINGS, INC."
ZBRA,ZEBRA TECHNOLOGIES CORPORATION
ZION,ZIONS BANCORPORATION
ZNGA,ZYNGA INC.
